domain_order,domain,kpi_name,definition,target_benchmark,frequency,strategic_objective,is_illustrative,notes
1,Finance,Capital Burn Rate Efficiency (CBRE),Ratio of total monthly capital and operating spend to completed program milestones.,<= 1.0 budget variance ratio,Monthly,Prevent cash burn overruns during high-rate deployment.,true,Illustrative operational-KPI framework applied to this case -- target benchmark is not sourced to any Amazon disclosure.
1,Finance,Levelized Cost of Capacity (LCOC),Total discounted life-cycle cost divided by total delivered gigabit bandwidth over asset life.,< $3.50 per Gbps/month,Quarterly,Minimize capital cost per unit of delivered space capacity.,true,Illustrative operational-KPI framework applied to this case -- target benchmark is not sourced to any Amazon disclosure.
1,Finance,Orbital Plane Payback Horizon,Months required for net revenue from a specific plane to equal initial manufacture and launch CapEx.,< 36 months,Bi-Annually,Accelerate capital recovery across deployed orbital assets.,true,Illustrative operational-KPI framework applied to this case -- target benchmark is not sourced to any Amazon disclosure.
1,Finance,Terminal Subsidization Recovery,Cumulative net ARPU margin contribution minus net hardware manufacturing subsidy.,Payback < 12 months,Monthly,Ensure hardware subsidies are recouped through subscriber margins.,true,Illustrative operational-KPI framework applied to this case -- target benchmark is not sourced to any Amazon disclosure.
1,Finance,CapEx Contingency Reserve Buffer,Unallocated cash reserves dedicated to launch delay insurance and supply chain surge costs.,>= 15% of annual CapEx budget,Monthly,Absorb financial shocks from rocket groundings or supplier disruptions.,true,Illustrative operational-KPI framework applied to this case -- target benchmark is not sourced to any Amazon disclosure.
1,Finance,Adjusted EBITDA Margin,Net operating earnings before interest taxes depreciation and amortization divided by revenue.,>= 50% at full deployment,Quarterly,Achieve structural operating leverage typical of space infrastructure.,true,Illustrative operational-KPI framework applied to this case -- target benchmark is not sourced to any Amazon disclosure.
2,Accounting,Capitalized Space Segment Asset Accuracy,Variance between audited WIP asset balances and verified in-orbit deployed space hardware costs.,0.0% audit discrepancy,Monthly,Ensure accurate capitalization of space segment assets.,true,Illustrative operational-KPI framework applied to this case -- target benchmark is not sourced to any Amazon disclosure.
2,Accounting,Standard Terminal COGS Variance,Difference between actual manufacturing spending and target standard production costs (under $400 for Pro).,<= $0.00 adverse variance,Weekly,Maintain cost discipline across customer terminal lines.,true,Illustrative operational-KPI framework applied to this case -- target benchmark is not sourced to any Amazon disclosure.
2,Accounting,On-Orbit Asset Impairment Ratio,Value of written-off failed spacecraft relative to total active capitalized constellation value.,< 1.5% of active fleet value,Monthly,Accurately reflect hardware losses and operational depreciation.,true,Illustrative operational-KPI framework applied to this case -- target benchmark is not sourced to any Amazon disclosure.
2,Accounting,Decommissioning Reserve Accrual Ratio,Accrued end-of-life disposal liabilities divided by total required controlled de-orbit capital reserves.,100% fully funded ratio,Quarterly,Maintain compliance with FCC disposal financial obligations.,true,Illustrative operational-KPI framework applied to this case -- target benchmark is not sourced to any Amazon disclosure.
2,Accounting,ASC 606 Revenue Recognition Variance,Error margin in deferred revenue accounting for multi-year enterprise and telecom backhaul agreements.,0.0% restatement rate,Quarterly,Guarantee accurate financial reporting across enterprise B2B sales.,true,Illustrative operational-KPI framework applied to this case -- target benchmark is not sourced to any Amazon disclosure.
2,Accounting,WIP-to-In-Service Capital Transfer Rate,Pace at which manufacturing WIP capital transforms into revenue-generating active orbital assets.,< 45 days post-launch,Per Launch,Minimize idle capital tied up in unverified orbital inventory.,true,Illustrative operational-KPI framework applied to this case -- target benchmark is not sourced to any Amazon disclosure.
3,Spacecraft Production,Daily Spacecraft Build Velocity,Total fully integrated spacecraft manufactured per operational 24-hour cycle.,4 to 5 satellites/day,Daily,Maintain production throughput to meet deployment schedules.,true,Illustrative operational-KPI framework applied to this case -- target benchmark is not sourced to any Amazon disclosure. Cross-checked against this project's own real deployment-capacity mart below.
3,Spacecraft Production,First Pass Yield (FPY),Percentage of spacecraft passing all environmental and payload tests without requiring rework.,>= 98.5%,Daily,Eliminate costly cleanroom rework bottlenecks.,true,Illustrative operational-KPI framework applied to this case -- target benchmark is not sourced to any Amazon disclosure.
3,Spacecraft Production,Accelerated Testing Cycle Time,Total hours required to execute thermal vacuum acoustic and RF calibration testing per satellite batch.,< 72 hours per batch,Weekly,Maintain accelerated testing speedups (reducing months to days).,true,Illustrative operational-KPI framework applied to this case -- target benchmark is not sourced to any Amazon disclosure.
3,Spacecraft Production,Kirkland Factory OEE,Combined availability performance rate and quality yield of automated cleanroom assembly robotics.,>= 88%,Weekly,Maximize manufacturing efficiency within the 172k sq ft plant.,true,Illustrative operational-KPI framework applied to this case -- target benchmark is not sourced to any Amazon disclosure.
3,Spacecraft Production,Prometheus SoC Integration Yield,Percentage of custom baseband processing boards successfully mated and calibrated without fault.,>= 99.9%,Daily,Prevent assembly holds on high-value processing payloads.,true,Illustrative operational-KPI framework applied to this case -- target benchmark is not sourced to any Amazon disclosure.
3,Spacecraft Production,Cleanroom Environmental Compliance,Percentage of operational shifts maintaining strict ISO Class 8 particulate and ESD thresholds.,100% shift compliance,Continuous,Eliminate particulate contamination risks in high-rate assembly lines.,true,Illustrative operational-KPI framework applied to this case -- target benchmark is not sourced to any Amazon disclosure.
4,Launch Operations,KSC Payload Processing Velocity,Spacecraft processed krypton-fueled and dispenser-integrated per calendar month.,> 100 satellites/month,Monthly,Match Florida processing volume to launch manifest demand.,true,Illustrative operational-KPI framework applied to this case -- target benchmark is not sourced to any Amazon disclosure.
4,Launch Operations,Campaign Integration Cycle Time,Days elapsed from spacecraft arrival at KSC to final payload fairing encapsulation.,< 14 days per mission,Per Launch,Maximize processing throughput across launch pads.,true,Illustrative operational-KPI framework applied to this case -- target benchmark is not sourced to any Amazon disclosure.
4,Launch Operations,Multi-Dispenser Mating Yield,Percentage of spacecraft successfully attached to multi-level launch dispensers without mechanical error.,100% flawless mating,Per Launch,Prevent structural or interface mating aborts on dispensers.,true,Illustrative operational-KPI framework applied to this case -- target benchmark is not sourced to any Amazon disclosure.
4,Launch Operations,FCC Milestone Compliance Margin,Active orbiting spacecraft count minus regulatory milestone requirements.,Positive satellite buffer,Monthly,Safeguard FCC spectrum operating license validity.,true,Illustrative operational-KPI framework applied to this case -- target benchmark is not sourced to any Amazon disclosure. Cross-checked against this project's own real milestone-risk mart below.
4,Launch Operations,Launch Provider Concentration Risk,Maximum percentage of launch manifest assigned to a single launch vehicle family.,<= 50% total manifest,Quarterly,Mitigate fleet-wide groundings by diversifying launch vehicles.,true,Illustrative operational-KPI framework applied to this case -- target benchmark is not sourced to any Amazon disclosure.
4,Launch Operations,Krypton Fueling Safety Integrity,Zero-leakage compliance rate during high-pressure krypton propellant loading operations.,0.0% anomaly rate,Per Launch,Maintain pad safety and ensure precise orbital insertion fuel.,true,Illustrative operational-KPI framework applied to this case -- target benchmark is not sourced to any Amazon disclosure.
5,Logistics & Supply Chain,Everett Hub Inventory Turnover,Annualized component consumption spend divided by average warehouse inventory value.,> 12 turns/year,Monthly,Optimize inventory turnover while supporting production.,true,Illustrative operational-KPI framework applied to this case -- target benchmark is not sourced to any Amazon disclosure.
5,Logistics & Supply Chain,Supplier OTIF Delivery Compliance,Percentage of vendor component deliveries arriving on schedule and fully meeting quality specs.,>= 96.0%,Weekly,Protect high-rate satellite assembly lines from component starvation.,true,Illustrative operational-KPI framework applied to this case -- target benchmark is not sourced to any Amazon disclosure.
5,Logistics & Supply Chain,Prometheus Buffer Stock Horizon,Days of on-hand inventory for custom Prometheus baseband chips based on factory burn rate.,45 to 60 days,Weekly,Buffer against semiconductor supply chain disruptions.,true,Illustrative operational-KPI framework applied to this case -- target benchmark is not sourced to any Amazon disclosure.
5,Logistics & Supply Chain,Cross-Country/Ocean Transit Integrity,Percentage of spacecraft shipments reaching launch sites without tripping shock vibration or humidity sensors.,100% transit compliance,Per Shipment,Prevent transport-induced structural or electronic damage.,true,Illustrative operational-KPI framework applied to this case -- target benchmark is not sourced to any Amazon disclosure.
5,Logistics & Supply Chain,Single-Source Vendor Exposure Index,Percentage of direct procurement spend tied to single-source suppliers lacking qualified backups.,< 15% total spend,Quarterly,Diversify supply chain sourcing for critical satellite components.,true,Illustrative operational-KPI framework applied to this case -- target benchmark is not sourced to any Amazon disclosure.
5,Logistics & Supply Chain,Strategic Material Safety Buffer,Weeks of raw material (propellant-grade krypton solar cell substrate) held in reserve.,>= 12 weeks supply,Monthly,Safeguard manufacturing against upstream material embargoes.,true,Illustrative operational-KPI framework applied to this case -- target benchmark is not sourced to any Amazon disclosure.
6,Systems Engineering,End-to-End Network Latency,Mean round-trip time for data packets routed between end-user terminals and internet pop points.,30 to 50 ms,Continuous,Maintain low-latency performance competitive with terrestrial fiber.,true,Illustrative operational-KPI framework applied to this case -- target benchmark is not sourced to any Amazon disclosure.
6,Systems Engineering,OISL Inter-Laser Link Throughput,Operational throughput maintained across active infrared inter-satellite optical links.,>= 100 Gbps/link,Continuous,Maximize routing efficiency across the space mesh network.,true,Illustrative operational-KPI framework applied to this case -- target benchmark is not sourced to any Amazon disclosure.
6,Systems Engineering,Prometheus SoC Onboard Data Yield,Total real-time data traffic processed on board each satellite baseband processing SoC.,Up to 1 Tbps,Continuous,Prevent data processing bottlenecks on orbit.,true,Illustrative operational-KPI framework applied to this case -- target benchmark is not sourced to any Amazon disclosure.
6,Systems Engineering,Station-Keeping Position Precision,Deviation of spacecraft position from assigned altitude and inclination parameters.,+/- 9 km altitude,Continuous,Maintain constellation spacing and prevent orbital collisions.,true,Illustrative operational-KPI framework applied to this case -- target benchmark is not sourced to any Amazon disclosure.
6,Systems Engineering,Autonomous Collision Avoidance Yield,Percentage of orbital conjunction warnings resolved via automated thruster adjustments without ground operator intervention.,>= 99.5%,Daily,Automate space traffic management and protect space assets.,true,Illustrative operational-KPI framework applied to this case -- target benchmark is not sourced to any Amazon disclosure.
6,Systems Engineering,De-orbit Trajectory Execution Rate,Percentage of end-of-life spacecraft successfully executing controlled re-entry de-orbit burns.,100% success rate,Per De-orbit,Prevent orbital debris accumulation in low Earth orbit.,true,Illustrative operational-KPI framework applied to this case -- target benchmark is not sourced to any Amazon disclosure.
7,Commercialization & Sales,Residential Subscription ARPU,Monthly service revenue generated per active residential Pro/Nano terminal user.,$100 to $120/month,Monthly,Drive cash flow from direct-to-consumer subscribers.,true,Illustrative operational-KPI framework applied to this case -- target benchmark is not sourced to any Amazon disclosure.
7,Commercialization & Sales,Enterprise Backhaul SLA Uptime,Percentage of operating hours meeting contracted bandwidth and latency SLAs for enterprise clients.,>= 99.9% uptime,Monthly,Fulfill enterprise agreements with telecom and aviation partners.,true,Illustrative operational-KPI framework applied to this case -- target benchmark is not sourced to any Amazon disclosure.
7,Commercialization & Sales,Customer Acquisition Cost (CAC),Total acquisition costs including sales marketing and hardware subsidies divided by new activations.,Payback < 12 months,Monthly,Maintain efficient subscriber growth economics.,true,Illustrative operational-KPI framework applied to this case -- target benchmark is not sourced to any Amazon disclosure.
7,Commercialization & Sales,Terminal Capacity Load Factor,Ratio of active data consumed through user terminals to peak engineered system throughput.,65% to 80% peak load,Daily,Maximize cell utilization without inducing local congestion.,true,Illustrative operational-KPI framework applied to this case -- target benchmark is not sourced to any Amazon disclosure.
7,Commercialization & Sales,Landing Rights Clearance Velocity,Total national regulatory jurisdictions approving commercial spectrum landing rights per quarter.,>= 15 nations/quarter,Quarterly,Expand global addressable market prior to full constellation launch.,true,Illustrative operational-KPI framework applied to this case -- target benchmark is not sourced to any Amazon disclosure.
7,Commercialization & Sales,Gross Monthly Churn Rate,Percentage of active subscribers disconnecting service per 30-day operating window.,< 1.2% per month,Monthly,Protect subscriber lifetime value against competitor alternatives.,true,Illustrative operational-KPI framework applied to this case -- target benchmark is not sourced to any Amazon disclosure.
8,Vendor Management,Vendor Component Defect Rate (PPM),Defective components per million units delivered across space hardware vendors.,< 50 PPM,Monthly,Protect spacecraft cleanroom lines from defective incoming hardware.,true,Illustrative operational-KPI framework applied to this case -- target benchmark is not sourced to any Amazon disclosure.
8,Vendor Management,Supplier Quality Rating (SQR),Weighted score evaluating vendor defect rates on-time delivery and cost performance.,>= 92/100,Quarterly,Audit Tier-1 and Tier-2 space hardware suppliers.,true,Illustrative operational-KPI framework applied to this case -- target benchmark is not sourced to any Amazon disclosure.
8,Vendor Management,Launch Provider Schedule Compliance,Percentage of contracted launch missions executed within approved launch windows.,>= 90% compliance,Per Mission,Maintain launch schedule alignment across rocket providers.,true,Illustrative operational-KPI framework applied to this case -- target benchmark is not sourced to any Amazon disclosure.
8,Vendor Management,Single-Source Vendor Recovery Time,Days required to transition component production to an alternate supplier upon vendor failure.,< 60 days,Bi-Annually,Reduce single-source supplier dependencies.,true,Illustrative operational-KPI framework applied to this case -- target benchmark is not sourced to any Amazon disclosure.
8,Vendor Management,Cybersecurity/ITAR Compliance Audit,Percentage of active hardware vendors fully compliant with ITAR export controls and cybersecurity protocols.,100% audit score,Bi-Annually,Ensure regulatory and security compliance across supply tiers.,true,Illustrative operational-KPI framework applied to this case -- target benchmark is not sourced to any Amazon disclosure.
8,Vendor Management,Vendor SLA Downtime Cost Recovery,Percentage of financial losses from supplier-caused line holds recovered via contract penalties.,100% penalty recovery,Quarterly,Recoup financial impact from vendor quality non-conformance.,true,Illustrative operational-KPI framework applied to this case -- target benchmark is not sourced to any Amazon disclosure.
9,Inventory & Quality Control,Pre-Ship Acceptance Test Pass Rate,Percentage of completed spacecraft passing final testing before shipment to launch sites.,>= 99.0%,Weekly,Ensure zero defective spacecraft are shipped to launch sites.,true,Illustrative operational-KPI framework applied to this case -- target benchmark is not sourced to any Amazon disclosure.
9,Inventory & Quality Control,NCR Resolution Cycle Time,Average business days required to investigate resolve and close cleanroom Non-Conformance Reports.,< 5 business days,Weekly,Maintain factory flow by resolving quality defects quickly.,true,Illustrative operational-KPI framework applied to this case -- target benchmark is not sourced to any Amazon disclosure.
9,Inventory & Quality Control,Flight Component Serial Traceability,Percentage of audited flight components with complete verified manufacturing provenance logs.,100% audit score,Monthly,Guarantee part traceability for post-launch anomaly analysis.,true,Illustrative operational-KPI framework applied to this case -- target benchmark is not sourced to any Amazon disclosure.
9,Inventory & Quality Control,Terminal Field RMA Rate,Percentage of deployed customer terminals returned due to hardware defects within 12 months.,< 0.8% of active units,Monthly,Protect customer satisfaction and lower warranty replacement costs.,true,Illustrative operational-KPI framework applied to this case -- target benchmark is not sourced to any Amazon disclosure.
9,Inventory & Quality Control,Non-Destructive Testing (NDT) Coverage,Percentage of critical structural and composite welds subjected to ultrasonic/X-ray inspection.,100% critical joint check,Weekly,Eliminate structural defects prior to launch vibration stress.,true,Illustrative operational-KPI framework applied to this case -- target benchmark is not sourced to any Amazon disclosure.
9,Inventory & Quality Control,Inventory Carrying Cost Ratio,Total holding storage and insurance costs divided by total value of on-hand spacecraft inventory.,< 8%,Monthly,Optimize inventory holding costs across storage facilities.,true,Illustrative operational-KPI framework applied to this case -- target benchmark is not sourced to any Amazon disclosure.
